{
  "target": "MEA",
  "target_vector": [
    1,
    0,
    0,
    0,
    1,
    0,
    0,
    0,
    1,
    0,
    0,
    0,
    0,
    0
  ],
  "target_signature": {
    "F_mono": -5.765260680852147,
    "F_chain": -1.552747831609169,
    "A_bar": 2.855765475981999e-25,
    "m_total": 2.196826481230568,
    "sigma3_avg": 4.4211700774688755e-29,
    "shape_avg": 0.6248704170817505
  },
  "settings": {
    "T_ref_K": 298.15,
    "eta_ref": 0.4,
    "S0": 5e-29
  },
  "weights_used": {
    "w_MONO": 1.0,
    "w_CHAIN": 1.0,
    "w_A": 3.0,
    "w_M": 0.7,
    "w_P": 1.0,
    "w_SH": 0.5
  },
  "ranking": [
    {
      "compound": "DEA",
      "candidate_vector": [
        0,
        1,
        0,
        0,
        2,
        0,
        0,
        0,
        2,
        0,
        0,
        0,
        0,
        0
      ],
      "signature": {
        "F_mono": -7.464689930234114,
        "F_chain": -2.857731772208562,
        "A_bar": 3.539281669868219e-25,
        "m_total": 3.166050261690291,
        "sigma3_avg": 4.8308362115637875e-29,
        "shape_avg": 0.5084347195058168
      },
      "distance": 0.8363884707206609
    },
    {
      "compound": "absorbent",
      "candidate_vector": [
        0,
        0,
        1,
        1,
        2,
        0,
        0,
        0,
        2,
        0,
        0,
        0,
        0,
        0
      ],
      "signature": {
        "F_mono": -8.813639496215751,
        "F_chain": -3.303664259254504,
        "A_bar": 2.430434612039803e-25,
        "m_total": 3.52340680747167,
        "sigma3_avg": 5.19365309755375e-29,
        "shape_avg": 0.5183558152182332
      },
      "distance": 1.0138063293714752
    },
    {
      "compound": "MDEA",
      "candidate_vector": [
        0,
        0,
        1,
        1,
        2,
        0,
        0,
        0,
        2,
        0,
        0,
        0,
        0,
        0
      ],
      "signature": {
        "F_mono": -8.813639496215751,
        "F_chain": -3.303664259254504,
        "A_bar": 2.430434612039803e-25,
        "m_total": 3.52340680747167,
        "sigma3_avg": 5.19365309755375e-29,
        "shape_avg": 0.5183558152182332
      },
      "distance": 1.0138063293714752
    },
    {
      "compound": "DMMEA",
      "candidate_vector": [
        0,
        0,
        1,
        2,
        1,
        0,
        0,
        0,
        1,
        0,
        0,
        0,
        0,
        0
      ],
      "signature": {
        "F_mono": -5.769175089208559,
        "F_chain": -2.1714557537154957,
        "A_bar": 1.086638871183364e-25,
        "m_total": 2.6958778074716703,
        "sigma3_avg": 5.609689340854949e-29,
        "shape_avg": 0.5253450426427506
      },
      "distance": 1.7357460377465022
    },
    {
      "compound": "DEEA",
      "candidate_vector": [
        0,
        0,
        1,
        2,
        3,
        0,
        0,
        0,
        1,
        0,
        0,
        0,
        0,
        0
      ],
      "signature": {
        "F_mono": -7.273159596028265,
        "F_chain": -2.7863087164500753,
        "A_bar": 7.936327240297509e-26,
        "m_total": 3.1545182074716704,
        "sigma3_avg": 6.391409740878299e-29,
        "shape_avg": 0.48230552176820596
      },
      "distance": 2.360550608449082
    },
    {
      "compound": "MAPA",
      "candidate_vector": [
        0,
        0,
        0,
        1,
        3,
        0,
        0,
        0,
        0,
        1,
        1,
        0,
        0,
        0
      ],
      "signature": {
        "F_mono": -4.758455153968388,
        "F_chain": -1.7995150077799742,
        "A_bar": 9.628782918873919e-27,
        "m_total": 2.4231479429208593,
        "sigma3_avg": 6.256953058158629e-29,
        "shape_avg": 0.5176151832628753
      },
      "distance": 5.879901186974968
    },
    {
      "compound": "3_Aminopropyl_cyclohexyl_amine_S1N",
      "candidate_vector": [
        0,
        0,
        0,
        0,
        3,
        0,
        0,
        0,
        0,
        1,
        0,
        0,
        0,
        0
      ],
      "signature": {
        "F_mono": -4.158400895197516,
        "F_chain": -0.626374789086874,
        "A_bar": 7.1684794933168e-27,
        "m_total": 1.4847068812305682,
        "sigma3_avg": 6.819667812772285e-29,
        "shape_avg": 0.533821125946393
      },
      "distance": 6.467035939576045
    },
    {
      "compound": "hexylamine",
      "candidate_vector": [
        0,
        0,
        0,
        1,
        5,
        0,
        0,
        0,
        0,
        1,
        0,
        0,
        0,
        0
      ],
      "signature": {
        "F_mono": -6.16858543575442,
        "F_chain": -1.9628406132194591,
        "A_bar": 2.4964465039775602e-27,
        "m_total": 2.515898481230568,
        "sigma3_avg": 7.617415364922549e-29,
        "shape_avg": 0.4871254913739359
      },
      "distance": 8.199644174259618
    },
    {
      "compound": "diethyl_cyclohexyl_amine_DECA",
      "candidate_vector": [
        0,
        0,
        0,
        2,
        2,
        0,
        0,
        0,
        0,
        0,
        0,
        0,
        0,
        0
      ],
      "signature": {
        "F_mono": -2.731484547719176,
        "F_chain": -0.7747018414548802,
        "A_bar": 0.0,
        "m_total": 1.6037428,
        "sigma3_avg": 8.074909560140288e-29,
        "shape_avg": 0.47439356329391474
      },
      "distance": 15.033320643230036
    },
    {
      "compound": "dimethyl_cyclohexyl_amine_DMCA",
      "candidate_vector": [
        0,
        0,
        0,
        2,
        0,
        0,
        0,
        0,
        0,
        0,
        0,
        0,
        0,
        0
      ],
      "signature": {
        "F_mono": -1.0987820212397752,
        "F_chain": -0.18145814454333653,
        "A_bar": 0.0,
        "m_total": 1.1451024,
        "sigma3_avg": 6.778042084812131e-29,
        "shape_avg": 0.5725512
      },
      "distance": 15.24234416780194
    },
    {
      "compound": "propyl_cyclohexane",
      "candidate_vector": [
        0,
        0,
        0,
        1,
        2,
        0,
        0,
        0,
        0,
        0,
        0,
        0,
        0,
        0
      ],
      "signature": {
        "F_mono": -2.2032343958586704,
        "F_chain": -0.040491557472644525,
        "A_bar": 0.0,
        "m_total": 1.0311916,
        "sigma3_avg": 8.825551889463478e-29,
        "shape_avg": 0.41989324280523627
      },
      "distance": 15.48128001828227
    },
    {
      "compound": "ethyl_cyclohexane",
      "candidate_vector": [
        0,
        0,
        0,
        1,
        1,
        0,
        0,
        0,
        0,
        0,
        0,
        0,
        0,
        0
      ],
      "signature": {
        "F_mono": -1.365742273859588,
        "F_chain": 0.0,
        "A_bar": 0.0,
        "m_total": 0.8018714,
        "sigma3_avg": 8.074909560140288e-29,
        "shape_avg": 0.47439356329391474
      },
      "distance": 691.3802261778909
    },
    {
      "compound": "ethyl_cyclopentane",
      "candidate_vector": [
        0,
        0,
        0,
        1,
        1,
        0,
        0,
        0,
        0,
        0,
        0,
        0,
        0,
        0
      ],
      "signature": {
        "F_mono": -1.365742273859588,
        "F_chain": 0.0,
        "A_bar": 0.0,
        "m_total": 0.8018714,
        "sigma3_avg": 8.074909560140288e-29,
        "shape_avg": 0.47439356329391474
      },
      "distance": 691.3802261778909
    },
    {
      "compound": "1_ethyl_piperidine_EPD",
      "candidate_vector": [
        0,
        0,
        0,
        1,
        1,
        0,
        0,
        0,
        0,
        0,
        0,
        0,
        0,
        0
      ],
      "signature": {
        "F_mono": -1.365742273859588,
        "F_chain": 0.0,
        "A_bar": 0.0,
        "m_total": 0.8018714,
        "sigma3_avg": 8.074909560140288e-29,