{
  "target": "MEA",
  "target_vector": [
    1,
    0,
    0,
    0,
    1,
    0,
    0,
    0,
    1,
    0,
    0,
    0,
    0,
    0,
    0,
    0,
    0,
    0,
    0,
    0
  ],
  "target_signature": {
    "F_mono": -5.765260680852147,
    "F_chain": -1.552747831609169,
    "F_assoc": -15.54041470769539,
    "m_total": 2.196826481230568,
    "sigma3_avg": 4.4211700774688755e-29,
    "shape_avg": 0.6248704170817505
  },
  "settings": {
    "T_ref_K": 298.15,
    "eta_ref": 0.4,
    "S0": 1
  },
  "weights_used": {
    "w_MONO": 1.0,
    "w_CHAIN": 1.0,
    "w_ASSOC": 1.0,
    "w_M": 0.7,
    "w_P": 1.0,
    "w_SH": 0.5
  },
  "ranking": [
    {
      "compound": "MAPA",
      "candidate_vector": [
        0,
        0,
        0,
        1,
        3,
        0,
        0,
        0,
        0,
        1,
        1,
        0,
        0,
        0,
        0,
        0,
        0,
        0,
        0,
        0
      ],
      "signature": {
        "F_mono": -4.758455153968388,
        "F_chain": -1.7995150077799742,
        "F_assoc": -10.48652974966527,
        "m_total": 2.4231479429208593,
        "sigma3_avg": 6.256953058158629e-29,
        "shape_avg": 0.5176151832628753
      },
      "distance": 0.5801866323518033
    },
    {
      "compound": "DMMEA",
      "candidate_vector": [
        0,
        0,
        1,
        2,
        1,
        0,
        0,
        0,
        1,
        0,
        0,
        0,
        0,
        0,
        0,
        0,
        0,
        0,
        0,
        0
      ],
      "signature": {
        "F_mono": -5.769175089208559,
        "F_chain": -2.1714557537154957,
        "F_assoc": -7.908944904210213,
        "m_total": 2.6958778074716703,
        "sigma3_avg": 5.609689340854949e-29,
        "shape_avg": 0.5253450426427506
      },
      "distance": 0.7722682179093724
    },
    {
      "compound": "DEA",
      "candidate_vector": [
        0,
        1,
        0,
        0,
        2,
        0,
        0,
        0,
        2,
        0,
        0,
        0,
        0,
        0,
        0,
        0,
        0,
        0,
        0,
        0
      ],
      "signature": {
        "F_mono": -7.464689930234108,
        "F_chain": -2.8577317722085627,
        "F_assoc": -24.6442240687116,
        "m_total": 3.1660502616902915,
        "sigma3_avg": 4.8308362115637864e-29,
        "shape_avg": 0.5084347195058165
      },
      "distance": 0.8681836895529013
    },
    {
      "compound": "MDEA",
      "candidate_vector": [
        0,
        0,
        1,
        1,
        2,
        0,
        0,
        0,
        2,
        0,
        0,
        0,
        0,
        0,
        0,
        0,
        0,
        0,
        0,
        0
      ],
      "signature": {
        "F_mono": -8.813639496215751,
        "F_chain": -3.3036642592545045,
        "F_assoc": -16.33322529985284,
        "m_total": 3.5234068074716705,
        "sigma3_avg": 5.19365309755375e-29,
        "shape_avg": 0.518355815218233
      },
      "distance": 0.9757053878294129
    },
    {
      "compound": "DEEA",
      "candidate_vector": [
        0,
        0,
        1,
        2,
        3,
        0,
        0,
        0,
        1,
        0,
        0,
        0,
        0,
        0,
        0,
        0,
        0,
        0,
        0,
        0
      ],
      "signature": {
        "F_mono": -7.273159596028265,
        "F_chain": -2.7863087164500753,
        "F_assoc": -7.751911215714193,
        "m_total": 3.1545182074716704,
        "sigma3_avg": 6.391409740878299e-29,
        "shape_avg": 0.48230552176820596
      },
      "distance": 1.030545732532016
    },
    {
      "compound": "3_Aminopropyl_cyclohexyl_amine_S1N",
      "candidate_vector": [
        0,
        0,
        0,
        0,
        3,
        0,
        0,
        0,
        0,
        1,
        0,
        0,
        0,
        0,
        5,
        0,
        0,
        0,
        1,
        0
      ],
      "signature": {
        "F_mono": -8.774894837575749,
        "F_chain": -2.471625078289529,
        "F_assoc": -8.617469160965191,
        "m_total": 2.8757168812305682,
        "sigma3_avg": 8.992478165484891e-29,
        "shape_avg": 0.39031097896485384
      },
      "distance": 1.1627993260710328
    },
    {
      "compound": "hexylamine",
      "candidate_vector": [
        0,
        0,
        0,
        1,
        5,
        0,
        0,
        0,
        0,
        1,
        0,
        0,
        0,
        0,
        0,
        0,
        0,
        0,
        0,
        0
      ],
      "signature": {
        "F_mono": -6.168585435754419,
        "F_chain": -1.9628406132194598,
        "F_assoc": -4.277550470554035,
        "m_total": 2.5158984812305683,
        "sigma3_avg": 7.617415364922547e-29,
        "shape_avg": 0.4871254913739358
      },
      "distance": 1.3054897157662604
    },
    {
      "compound": "methyl_cyclohexyl_amine_MCA",
      "candidate_vector": [
        0,
        0,
        0,
        1,
        0,
        0,
        0,
        0,
        0,
        0,
        0,
        0,
        0,
        0,
        5,
        0,
        0,
        0,
        1,
        0
      ],
      "signature": {
        "F_mono": -6.027523849174171,
        "F_chain": -1.2699889062318142,
        "F_assoc": -5.15696698602434,
        "m_total": 1.9635612,
        "sigma3_avg": 1.0068786751591112e-28,
        "shape_avg": 0.33493778993058126
      },
      "distance": 1.378266199514732
    },
    {
      "compound": "1_ethyl_piperazine_EPZ",
      "candidate_vector": [
        0,
        0,
        0,
        1,
        1,
        0,
        0,
        0,
        0,
        0,
        0,
        0,
        0,
        0,
        4,
        0,
        1,
        1,
        0,
        0
      ],
      "signature": {
        "F_mono": -7.061719130142589,
        "F_chain": -1.3478139366503559,
        "F_assoc": -4.465162630127581,
        "m_total": 2.0291014,
        "sigma3_avg": 9.849882798888004e-29,
        "shape_avg": 0.32425083598556487
      },
      "distance": 1.465889215477611
    },
    {
      "compound": "1_methyl_piperazine_MPZ",
      "candidate_vector": [
        0,
        0,
        0,
        1,
        0,
        0,
        0,
        0,
        0,
        0,
        0,
        0,
        0,
        0,
        4,
        0,
        1,
        1,
        0,
        0
      ],
      "signature": {
        "F_mono": -6.3542579706437,
        "F_chain": -1.0440741133657583,
        "F_assoc": -4.619698284126175,
        "m_total": 1.7997812,
        "sigma3_avg": 9.631427261822562e-29,
        "shape_avg": 0.33634647985068405
      },
      "distance": 1.4691081229699425
    },
    {
      "compound": "piperazine",
      "candidate_vector": [
        0,
        0,
        0,
        0,
        0,
        0,
        0,
        0,
        0,
        0,
        0,
        0,
        0,
        0,
        4,
        0,
        2,
        0,
        0,
        0
      ],
      "signature": {
        "F_mono": -6.117801537360918,
        "F_chain": -0.42988365447282817,
        "F_assoc": -10.708325848512198,
        "m_total": 1.32062,
        "sigma3_avg": 1.1302604435271521e-28,
        "shape_avg": 0.2269285400796596
      },
      "distance": 1.8296310034071956
    },
    {
      "compound": "piperidine",
      "candidate_vector": [
        0,
        0,
        0,
        0,
        0,
        0,
        0,
        0,
        0,
        0,
        0,
        0,
        0,
        0,
        5,
        0,
        1,
        0,
        0,
        0
      ],
      "signature": {
        "F_mono": -5.888056025105617,
        "F_chain": -0.5399550690081709,
        "F_assoc": -4.639999805998327,
        "m_total": 1.40284,
        "sigma3_avg": 1.111935107113601e-28,
        "shape_avg": 0.23782240640415162
      },
      "distance": 1.93179518238736
    },
    {
      "compound": "pyrrolidine",