{
  "target": "MEA",
  "target_vector": [
    1,
    0,
    0,
    0,
    1,
    0,
    0,
    0,
    1,
    0,
    0,
    0,
    0,
    0,
    0,
    0,
    0,
    0,
    0,
    0
  ],
  "target_signature": {
    "D_bar": -4.2900772785697624e-26,
    "A_bar": 2.855765475981999e-25,
    "m_total": 2.196826481230568,
    "sigma3_avg": 4.4211700774688755e-29,
    "shape_avg": 0.6248704170817505
  },
  "settings": {
    "T_ref_K": 298.15,
    "eta_ref": 0.4,
    "S0": 5e-29
  },
  "weights_used": {
    "w_J": 1.0,
    "w_S": 3.0,
    "w_M": 0.7,
    "w_P": 1.0,
    "w_SH": 0.5
  },
  "ranking": [
    {
      "compound": "absorbent_1",
      "candidate_vector": [
        1,
        0,
        0,
        0,
        2,
        0,
        0,
        0,
        1,
        0,
        0,
        0,
        0,
        0,
        0,
        0,
        0,
        0,
        0,
        0
      ],
      "signature": {
        "D_bar": -4.955920565980231e-26,
        "A_bar": 2.341423327220834e-25,
        "m_total": 2.426146681230568,
        "sigma3_avg": 5.001641547296473e-29,
        "shape_avg": 0.5874828775760095
      },
      "distance": 0.403851394076549
    },
    {
      "compound": "DEA",
      "candidate_vector": [
        0,
        1,
        0,
        0,
        2,
        0,
        0,
        0,
        2,
        0,
        0,
        0,
        0,
        0,
        0,
        0,
        0,
        0,
        0,
        0
      ],
      "signature": {
        "D_bar": -4.52048528631453e-26,
        "A_bar": 3.539281669868218e-25,
        "m_total": 3.1660502616902915,
        "sigma3_avg": 4.8308362115637864e-29,
        "shape_avg": 0.5084347195058165
      },
      "distance": 0.5132677277501557
    },
    {
      "compound": "absorbent_2",
      "candidate_vector": [
        0,
        0,
        1,
        1,
        2,
        0,
        0,
        0,
        2,
        0,
        0,
        0,
        0,
        0,
        0,
        0,
        0,
        0,
        0,
        0
      ],
      "signature": {
        "D_bar": -4.9579743474118983e-26,
        "A_bar": 2.430434612039803e-25,
        "m_total": 3.5234068074716705,
        "sigma3_avg": 5.19365309755375e-29,
        "shape_avg": 0.518355815218233
      },
      "distance": 0.5463946712875107
    },
    {
      "compound": "MDEA",
      "candidate_vector": [
        0,
        0,
        1,
        1,
        2,
        0,
        0,
        0,
        2,
        0,
        0,
        0,
        0,
        0,
        0,
        0,
        0,
        0,
        0,
        0
      ],
      "signature": {
        "D_bar": -4.9579743474118983e-26,
        "A_bar": 2.430434612039803e-25,
        "m_total": 3.5234068074716705,
        "sigma3_avg": 5.19365309755375e-29,
        "shape_avg": 0.518355815218233
      },
      "distance": 0.5463946712875107
    },
    {
      "compound": "DMMEA",
      "candidate_vector": [
        0,
        0,
        1,
        2,
        1,
        0,
        0,
        0,
        1,
        0,
        0,
        0,
        0,
        0,
        0,
        0,
        0,
        0,
        0,
        0
      ],
      "signature": {
        "D_bar": -5.0683567776328487e-26,
        "A_bar": 1.086638871183364e-25,
        "m_total": 2.6958778074716703,
        "sigma3_avg": 5.609689340854949e-29,
        "shape_avg": 0.5253450426427506
      },
      "distance": 1.7111787080371035
    },
    {
      "compound": "DEEA",
      "candidate_vector": [
        0,
        0,
        1,
        2,
        3,
        0,
        0,
        0,
        1,
        0,
        0,
        0,
        0,
        0,
        0,
        0,
        0,
        0,
        0,
        0
      ],
      "signature": {
        "D_bar": -6.005249984682988e-26,
        "A_bar": 7.936327240297509e-26,
        "m_total": 3.1545182074716704,
        "sigma3_avg": 6.391409740878299e-29,
        "shape_avg": 0.48230552176820596
      },
      "distance": 2.299884854480408
    },
    {
      "compound": "MAPA",
      "candidate_vector": [
        0,
        0,
        0,
        1,
        3,
        0,
        0,
        0,
        0,
        1,
        1,
        0,
        0,
        0,
        0,
        0,
        0,
        0,
        0,
        0
      ],
      "signature": {
        "D_bar": -5.85671689392596e-26,
        "A_bar": 9.628782918873919e-27,
        "m_total": 2.4231479429208593,
        "sigma3_avg": 6.256953058158629e-29,
        "shape_avg": 0.5176151832628753
      },
      "distance": 5.883157849236851
    },
    {
      "compound": "3_Aminopropyl_cyclohexyl_amine_S1N",
      "candidate_vector": [
        0,
        0,
        0,
        0,
        3,
        0,
        0,
        0,
        0,
        1,
        0,
        0,
        0,
        0,
        5,
        0,
        0,
        0,
        1,
        0
      ],
      "signature": {
        "D_bar": -9.95217698311447e-26,
        "A_bar": 3.512069270401772e-27,
        "m_total": 2.8757168812305682,
        "sigma3_avg": 8.992478165484891e-29,
        "shape_avg": 0.39031097896485384
      },
      "distance": 7.683819089314725
    },
    {
      "compound": "piperazine",
      "candidate_vector": [
        0,
        0,
        0,
        0,
        0,
        0,
        0,
        0,
        0,
        0,
        0,
        0,
        0,
        0,
        4,
        0,
        2,
        0,
        0,
        0
      ],
      "signature": {
        "D_bar": -1.4741870908677626e-25,
        "A_bar": 3.2172820716519582e-27,
        "m_total": 1.32062,
        "sigma3_avg": 1.1302604435271521e-28,
        "shape_avg": 0.2269285400796596
      },
      "distance": 7.941109129582142
    },
    {
      "compound": "hexylamine",
      "candidate_vector": [
        0,
        0,
        0,
        1,
        5,
        0,
        0,
        0,
        0,
        1,
        0,
        0,
        0,
        0,
        0,
        0,
        0,
        0,
        0,
        0
      ],
      "signature": {
        "D_bar": -7.67806114330933e-26,
        "A_bar": 2.4964465039775595e-27,
        "m_total": 2.5158984812305683,
        "sigma3_avg": 7.617415364922547e-29,
        "shape_avg": 0.4871254913739358
      },
      "distance": 8.216657537201655
    },
    {
      "compound": "pyrrolidine",
      "candidate_vector": [
        0,
        0,
        0,
        0,
        0,
        0,
        0,
        0,
        0,
        0,
        0,
        0,
        0,
        0,
        4,
        0,
        1,
        0,
        0,
        0
      ],
      "signature": {
        "D_bar": -1.3867202783477138e-25,
        "A_bar": 1.0509275724829773e-27,
        "m_total": 1.15533,
        "sigma3_avg": 1.1154186869620622e-28,
        "shape_avg": 0.23574700258800518
      },
      "distance": 9.78206797954668
    },
    {
      "compound": "methyl_cyclohexyl_amine_MCA",
      "candidate_vector": [
        0,
        0,
        0,
        1,
        0,
        0,
        0,
        0,
        0,
        0,
        0,
        0,
        0,
        0,
        5,
        0,
        0,
        0,
        1,
        0
      ],
      "signature": {
        "D_bar": -1.1189121359790451e-25,
        "A_bar": 7.499169165578059e-28,
        "m_total": 1.9635612,
        "sigma3_avg": 1.0068786751591112e-28,
        "shape_avg": 0.33493778993058126
      },
      "distance": 10.268880505354986
    },
    {
      "compound": "piperidine",
      "candidate_vector": [
        0,
        0,
        0,
        0,
        0,
        0,
        0,
        0,
        0,
        0,
        0,
        0,
        0,
        0,
        5,
        0,
        1,
        0,
        0,
        0
      ],
      "signature": {
        "D_bar": -1.3652959352744362e-25,
        "A_bar": 7.128015023965636e-28,
        "m_total": 1.40284,
        "sigma3_avg": 1.111935107113601e-28,
        "shape_avg": 0.23782240640415162
      },