{
  "target": "MEA",
  "target_vector": [
    1,
    0,
    0,
    0,
    1,
    0,
    0,
    0,
    1,
    0,
    0,
    0,
    0,
    0
  ],
  "target_signature": {
    "F_mono": -5.765260680852147,
    "F_chain": -1.552747831609169,
    "F_assoc": -15.54041470769539,
    "m_total": 2.196826481230568,
    "sigma3_avg": 4.4211700774688755e-29,
    "shape_avg": 0.6248704170817505
  },
  "settings": {
    "T_ref_K": 298.15,
    "eta_ref": 0.4
  },
  "weights_thermo": {
    "w_MONO": 1.0,
    "w_CHAIN": 1.0,
    "w_ASSOC": 1.0
  },
  "weights_struct": {
    "w_M": 1.0,
    "w_P": 1.0,
    "w_SH": 1.0
  },
  "ranking": [
    {
      "compound": "MDEA",
      "candidate_vector": [
        0,
        0,
        1,
        1,
        2,
        0,
        0,
        0,
        2,
        0,
        0,
        0,
        0,
        0
      ],
      "signature": {
        "F_mono": -8.813639496215751,
        "F_chain": -3.303664259254504,
        "F_assoc": -16.33322529985284,
        "m_total": 3.52340680747167,
        "sigma3_avg": 5.19365309755375e-29,
        "shape_avg": 0.5183558152182332
      },
      "distance_thermo": 3.6037300639189063,
      "distance_struct": 0.5329466620300533
    },
    {
      "compound": "MAPA",
      "candidate_vector": [
        0,
        0,
        0,
        1,
        3,
        0,
        0,
        0,
        0,
        1,
        1,
        0,
        0,
        0
      ],
      "signature": {
        "F_mono": -4.758455153968388,
        "F_chain": -1.7995150077799742,
        "F_assoc": -10.48652974966527,
        "m_total": 2.4231479429208593,
        "sigma3_avg": 6.256953058158629e-29,
        "shape_avg": 0.5176151832628753
      },
      "distance_thermo": 5.159099202109038,
      "distance_struct": 0.40704500035200974
    },
    {
      "compound": "DMMEA",
      "candidate_vector": [
        0,
        0,
        1,
        2,
        1,
        0,
        0,
        0,
        1,
        0,
        0,
        0,
        0,
        0
      ],
      "signature": {
        "F_mono": -5.769175089208559,
        "F_chain": -2.1714557537154957,
        "F_assoc": -7.908944904210213,
        "m_total": 2.6958778074716703,
        "sigma3_avg": 5.609689340854949e-29,
        "shape_avg": 0.5253450426427506
      },
      "distance_thermo": 7.656510052039114,
      "distance_struct": 0.3587366075960285
    },
    {
      "compound": "DEEA",
      "candidate_vector": [
        0,
        0,
        1,
        2,
        3,
        0,
        0,
        0,
        1,
        0,
        0,
        0,
        0,
        0
      ],
      "signature": {
        "F_mono": -7.273159596028265,
        "F_chain": -2.7863087164500753,
        "F_assoc": -7.751911215714193,
        "m_total": 3.1545182074716704,
        "sigma3_avg": 6.391409740878299e-29,
        "shape_avg": 0.48230552176820596
      },
      "distance_thermo": 8.028463006055524,
      "distance_struct": 0.5777614103033888
    },
    {
      "compound": "DEA",
      "candidate_vector": [
        0,
        1,
        0,
        0,
        2,
        0,
        0,
        0,
        2,
        0,
        0,
        0,
        0,
        0
      ],
      "signature": {
        "F_mono": -7.464689930234114,
        "F_chain": -2.857731772208562,
        "F_assoc": -24.6442240687116,
        "m_total": 3.166050261690291,
        "sigma3_avg": 4.8308362115637875e-29,
        "shape_avg": 0.5084347195058168
      },
      "distance_thermo": 9.35256049114913,
      "distance_struct": 0.4288860497089907
    },
    {
      "compound": "3_Aminopropyl_cyclohexyl_amine_S1N",
      "candidate_vector": [
        0,
        0,
        0,
        0,
        3,
        0,
        0,
        0,
        0,
        1,
        0,
        0,
        0,
        0
      ],
      "signature": {
        "F_mono": -4.158400895197516,
        "F_chain": -0.626374789086874,
        "F_assoc": -4.753624829585386,
        "m_total": 1.4847068812305682,
        "sigma3_avg": 6.819667812772285e-29,
        "shape_avg": 0.533821125946393
      },
      "distance_thermo": 10.94509028099643,
      "distance_struct": 0.6051004790602422
    },
    {
      "compound": "hexylamine",
      "candidate_vector": [
        0,
        0,
        0,
        1,
        5,
        0,
        0,
        0,
        0,
        1,
        0,
        0,
        0,
        0
      ],
      "signature": {
        "F_mono": -6.16858543575442,
        "F_chain": -1.9628406132194591,
        "F_assoc": -4.277550470554035,
        "m_total": 2.515898481230568,
        "sigma3_avg": 7.617415364922549e-29,
        "shape_avg": 0.4871254913739359
      },
      "distance_thermo": 11.277542186652354,
      "distance_struct": 0.613494566827281
    },
    {
      "compound": "water",
      "candidate_vector": [
        0,
        0,
        0,
        0,
        0,
        0,
        0,
        0,
        0,
        0,
        0,
        0,
        0,
        0
      ],
      "signature": {
        "F_mono": 0.0,
        "F_chain": 0.0,
        "F_assoc": 0.0,
        "m_total": 0.0,
        "sigma3_avg": 0.0,
        "shape_avg": 0.0
      },
      "distance_thermo": 16.64793518229519,
      "distance_struct": 1160.1784873553588
    },
    {
      "compound": "carbon_dioxide",
      "candidate_vector": [
        0,
        0,
        0,
        0,
        0,
        0,
        0,
        0,
        0,
        0,
        0,
        0,
        0,
        0
      ],
      "signature": {
        "F_mono": 0.0,
        "F_chain": 0.0,
        "F_assoc": 0.0,
        "m_total": 0.0,
        "sigma3_avg": 0.0,
        "shape_avg": 0.0
      },
      "distance_thermo": 16.64793518229519,
      "distance_struct": 1160.1784873553588
    },
    {
      "compound": "nitrogen",
      "candidate_vector": [
        0,
        0,
        0,
        0,
        0,
        0,
        0,
        0,
        0,
        0,
        0,
        0,
        0,
        0
      ],
      "signature": {
        "F_mono": 0.0,
        "F_chain": 0.0,
        "F_assoc": 0.0,
        "m_total": 0.0,
        "sigma3_avg": 0.0,
        "shape_avg": 0.0
      },
      "distance_thermo": 16.64793518229519,
      "distance_struct": 1160.1784873553588
    }
  ]
}