{
  "target": "MEA",
  "target_vector": [
    1,
    0,
    0,
    0,
    1,
    0,
    0,
    0,
    1,
    0,
    0,
    0,
    0,
    0
  ],
  "target_signature": {
    "D_bar": -4.2900772785697624e-26,
    "A_bar": 2.855765475981999e-25,
    "m_total": 2.196826481230568,
    "sigma3_avg": 4.4211700774688755e-29,
    "shape_avg": 0.6248704170817505
  },
  "settings": {
    "T_ref_K": 298.15,
    "eta_ref": 0.4,
    "S0": 5e-28
  },
  "weights_used": {
    "W_MONO": 1.0,
    "w_S": 0.05,
    "w_M": 0.7,
    "w_P": 1.0,
    "w_SH": 0.5
  },
  "ranking": [
    {
      "compound": "DEA",
      "candidate_vector": [
        0,
        1,
        0,
        0,
        2,
        0,
        0,
        0,
        2,
        0,
        0,
        0,
        0,
        0
      ],
      "signature": {
        "D_bar": -4.520485286314531e-26,
        "A_bar": 3.539281669868219e-25,
        "m_total": 3.166050261690291,
        "sigma3_avg": 4.8308362115637875e-29,
        "shape_avg": 0.5084347195058168
      },
      "distance": 0.35727252034210444
    },
    {
      "compound": "DMMEA",
      "candidate_vector": [
        0,
        0,
        1,
        2,
        1,
        0,
        0,
        0,
        1,
        0,
        0,
        0,
        0,
        0
      ],
      "signature": {
        "D_bar": -5.0683567776328487e-26,
        "A_bar": 1.086638871183364e-25,
        "m_total": 2.6958778074716703,
        "sigma3_avg": 5.609689340854949e-29,
        "shape_avg": 0.5253450426427506
      },
      "distance": 0.41865449773817354
    },
    {
      "compound": "absorbent",
      "candidate_vector": [
        0,
        0,
        1,
        1,
        2,
        0,
        0,
        0,
        2,
        0,
        0,
        0,
        0,
        0
      ],
      "signature": {
        "D_bar": -4.957974347411899e-26,
        "A_bar": 2.430434612039803e-25,
        "m_total": 3.52340680747167,
        "sigma3_avg": 5.19365309755375e-29,
        "shape_avg": 0.5183558152182332
      },
      "distance": 0.47100782582425726
    },
    {
      "compound": "MDEA",
      "candidate_vector": [
        0,
        0,
        1,
        1,
        2,
        0,
        0,
        0,
        2,
        0,
        0,
        0,
        0,
        0
      ],
      "signature": {
        "D_bar": -4.957974347411899e-26,
        "A_bar": 2.430434612039803e-25,
        "m_total": 3.52340680747167,
        "sigma3_avg": 5.19365309755375e-29,
        "shape_avg": 0.5183558152182332
      },
      "distance": 0.47100782582425726
    },
    {
      "compound": "DEEA",
      "candidate_vector": [
        0,
        0,
        1,
        2,
        3,
        0,
        0,
        0,
        1,
        0,
        0,
        0,
        0,
        0
      ],
      "signature": {
        "D_bar": -6.005249984682988e-26,
        "A_bar": 7.936327240297509e-26,
        "m_total": 3.1545182074716704,
        "sigma3_avg": 6.391409740878299e-29,
        "shape_avg": 0.48230552176820596
      },
      "distance": 0.67492286374525
    },
    {
      "compound": "MAPA",
      "candidate_vector": [
        0,
        0,
        0,
        1,
        3,
        0,
        0,
        0,
        0,
        1,
        1,
        0,
        0,
        0
      ],
      "signature": {
        "D_bar": -5.85671689392596e-26,
        "A_bar": 9.628782918873919e-27,
        "m_total": 2.4231479429208593,
        "sigma3_avg": 6.256953058158629e-29,
        "shape_avg": 0.5176151832628753
      },
      "distance": 0.8944506193242503
    },
    {
      "compound": "3_Aminopropyl_cyclohexyl_amine_S1N",
      "candidate_vector": [
        0,
        0,
        0,
        0,
        3,
        0,
        0,
        0,
        0,
        1,
        0,
        0,
        0,
        0
      ],
      "signature": {
        "D_bar": -7.367231368952597e-26,
        "A_bar": 7.1684794933168e-27,
        "m_total": 1.4847068812305682,
        "sigma3_avg": 6.819667812772285e-29,
        "shape_avg": 0.533821125946393
      },
      "distance": 1.120268085073031
    },
    {
      "compound": "hexylamine",
      "candidate_vector": [
        0,
        0,
        0,
        1,
        5,
        0,
        0,
        0,
        0,
        1,
        0,
        0,
        0,
        0
      ],
      "signature": {
        "D_bar": -7.678061143309332e-26,
        "A_bar": 2.4964465039775602e-27,
        "m_total": 2.515898481230568,
        "sigma3_avg": 7.617415364922549e-29,
        "shape_avg": 0.4871254913739359
      },
      "distance": 1.310647206886243
    },
    {
      "compound": "dimethyl_cyclohexyl_amine_DMCA",
      "candidate_vector": [
        0,
        0,
        0,
        2,
        0,
        0,
        0,
        0,
        0,
        0,
        0,
        0,
        0,
        0
      ],
      "signature": {
        "D_bar": -4.9373676340390637e-26,
        "A_bar": 0.0,
        "m_total": 1.1451024,
        "sigma3_avg": 6.778042084812131e-29,
        "shape_avg": 0.5725512
      },
      "distance": 1.587143783054675
    },
    {
      "compound": "diethyl_cyclohexyl_amine_DECA",
      "candidate_vector": [
        0,
        0,
        0,
        2,
        2,
        0,
        0,
        0,
        0,
        0,
        0,
        0,
        0,
        0
      ],
      "signature": {
        "D_bar": -6.992527545122232e-26,
        "A_bar": 0.0,
        "m_total": 1.6037428,
        "sigma3_avg": 8.074909560140288e-29,
        "shape_avg": 0.47439356329391474
      },
      "distance": 1.6506110865790875
    },
    {
      "compound": "ethyl_cyclohexane",
      "candidate_vector": [
        0,
        0,
        0,
        1,
        1,
        0,
        0,
        0,
        0,
        0,
        0,
        0,
        0,
        0
      ],
      "signature": {
        "D_bar": -6.992527545122232e-26,
        "A_bar": 0.0,
        "m_total": 0.8018714,
        "sigma3_avg": 8.074909560140288e-29,
        "shape_avg": 0.47439356329391474
      },
      "distance": 1.8347194052673406
    },
    {
      "compound": "ethyl_cyclopentane",
      "candidate_vector": [
        0,
        0,
        0,
        1,
        1,
        0,
        0,
        0,
        0,
        0,
        0,
        0,
        0,
        0
      ],
      "signature": {
        "D_bar": -6.992527545122232e-26,
        "A_bar": 0.0,
        "m_total": 0.8018714,
        "sigma3_avg": 8.074909560140288e-29,
        "shape_avg": 0.47439356329391474
      },
      "distance": 1.8347194052673406
    },
    {
      "compound": "1_ethyl_piperidine_EPD",
      "candidate_vector": [
        0,
        0,
        0,
        1,
        1,
        0,
        0,
        0,
        0,
        0,
        0,
        0,
        0,
        0
      ],
      "signature": {
        "D_bar": -6.992527545122232e-26,
        "A_bar": 0.0,
        "m_total": 0.8018714,
        "sigma3_avg": 8.074909560140288e-29,
        "shape_avg": 0.47439356329391474
      },
      "distance": 1.8347194052673406
    },
    {
      "compound": "1_ethyl_piperazine_EPZ",
      "candidate_vector": [
        0,
        0,
        0,
        1,
        1,
        0,
        0,
        0,
        0,
        0,
        0,
        0,
        0,
        0
      ],
      "signature": {
        "D_bar": -6.992527545122232e-26,
        "A_bar": 0.0,
        "m_total": 0.8018714,
        "sigma3_avg": 8.074909560140288e-29,
        "shape_avg": 0.47439356329391474
      },
      "distance": 1.8347194052673406
    },
    {
      "compound": "ethyl_cyclohexyl_amine_ECA",
      "candidate_vector": [
        0,
        0,
        0,
        1,
        1,
        0,
        0,
        0,
        0,
        0,
        0,
        0,
        0,
        0
      ],
      "signature": {
        "D_bar": -6.992527545122232e-26,
        "A_bar": 0.0,
        "m_total": 0.8018714,
        "sigma3_avg": 8.074909560140288e-29,